Jinghong,,,,Nuozhadu,,,,Dachaoshan,,,,Manwan,,,,Xiaowan,,,,Gongguoqiao,,,,Miaowei,,,,Dahuaqiao,,,,Huangdeng,,,,Wunonglong,,
Level ,Area ,Storage,,Level ,Area ,Storage,,Level ,Area ,Storage,,Level ,Area ,Storage,,Level ,Area ,Storage,,Level ,Area ,Storage,,Level ,Area ,Storage,,Level ,Area ,Storage,,Level ,Area ,Storage,,Level ,Area ,Storage
508,0.002,0.001,,586,0.009,0.005,,801,0.001,0,,870,0,0,,980,0.004,0.002,,1220,0.001,0,,1469,0.001,0,,1791,0.001,0,,1291,0.001,0,,1396,0.001,0
509,0.002,0.003,,588,0.018,0.032,,802,0.001,0.001,,871,0,0,,982,0.014,0.02,,1221,0.001,0.001,,1470,0.002,0.002,,1792,0.001,0.001,,1292,0.001,0.001,,1397,0.003,0.002
510,0.004,0.005,,590,0.032,0.08,,803,0.001,0.002,,872,0,0,,984,0.021,0.056,,1222,0.001,0.002,,1471,0.002,0.004,,1793,0.001,0.002,,1293,0.001,0.002,,1398,0.003,0.005
511,0.004,0.009,,592,0.047,0.163,,804,0.001,0.003,,873,0,0,,986,0.028,0.107,,1223,0.001,0.003,,1472,0.003,0.006,,1794,0.002,0.004,,1294,0.001,0.003,,1399,0.004,0.008
512,0.005,0.013,,594,0.08,0.289,,805,0.001,0.004,,874,0,0,,988,0.038,0.172,,1224,0.001,0.004,,1473,0.004,0.009,,1795,0.003,0.006,,1295,0.001,0.004,,1400,0.008,0.014
513,0.006,0.018,,596,0.136,0.497,,806,0.003,0.006,,875,0,0,,990,0.05,0.259,,1225,0.002,0.005,,1474,0.005,0.014,,1796,0.003,0.009,,1296,0.001,0.005,,1401,0.01,0.023
514,0.006,0.025,,598,0.199,0.823,,807,0.004,0.009,,876,0,0,,992,0.077,0.385,,1226,0.002,0.007,,1475,0.006,0.019,,1797,0.004,0.012,,1297,0.001,0.006,,1402,0.012,0.034
515,0.007,0.032,,600,0.308,1.323,,808,0.004,0.013,,877,0,0,,994,0.12,0.583,,1227,0.002,0.009,,1476,0.012,0.028,,1798,0.005,0.016,,1298,0.001,0.007,,1403,0.014,0.046
516,0.009,0.04,,602,0.449,2.074,,809,0.005,0.017,,878,0,0,,996,0.185,0.882,,1228,0.003,0.011,,1477,0.014,0.041,,1799,0.006,0.021,,1299,0.004,0.009,,1404,0.022,0.064
517,0.01,0.049,,604,0.633,3.155,,810,0.005,0.021,,879,0,0,,998,0.284,1.355,,1229,0.005,0.015,,1478,0.018,0.057,,1800,0.007,0.028,,1300,0.005,0.014,,1405,0.024,0.087
518,0.01,0.059,,606,0.869,4.651,,811,0.007,0.027,,880,0,0,,1000,0.454,2.081,,1230,0.005,0.02,,1479,0.024,0.078,,1801,0.01,0.037,,1301,0.01,0.021,,1406,0.032,0.115
519,0.014,0.071,,608,1.148,6.67,,812,0.009,0.035,,881,0,0,,1002,0.653,3.175,,1231,0.006,0.026,,1480,0.029,0.104,,1802,0.01,0.046,,1302,0.021,0.037,,1407,0.04,0.151
520,0.015,0.085,,610,1.463,9.284,,813,0.012,0.045,,882,0,0,,1004,0.889,4.696,,1232,0.009,0.033,,1481,0.04,0.139,,1803,0.01,0.056,,1303,0.024,0.059,,1408,0.056,0.199
521,0.016,0.101,,612,1.857,12.618,,814,0.015,0.059,,883,0,0,,1006,1.15,6.736,,1233,0.01,0.043,,1482,0.051,0.184,,1804,0.011,0.067,,1304,0.031,0.086,,1409,0.077,0.266
522,0.018,0.118,,614,2.268,16.746,,815,0.022,0.077,,884,0,0,,1008,1.416,9.32,,1234,0.013,0.054,,1483,0.07,0.245,,1805,0.012,0.078,,1305,0.041,0.122,,1410,0.092,0.35
523,0.022,0.138,,616,2.701,21.719,,816,0.025,0.101,,885,0,0,,1010,1.679,12.416,,1235,0.015,0.068,,1484,0.089,0.324,,1806,0.012,0.09,,1306,0.05,0.168,,1411,0.122,0.457
524,0.023,0.16,,618,3.191,27.604,,817,0.034,0.131,,886,0,0,,1012,1.959,16.045,,1236,0.023,0.087,,1485,0.117,0.428,,1807,0.016,0.104,,1307,0.063,0.225,,1412,0.149,0.592
525,0.024,0.183,,620,5.113,35.187,,818,0.041,0.168,,887,0,0,,1014,2.22,20.244,,1237,0.024,0.111,,1486,0.134,0.553,,1808,0.017,0.12,,1308,0.08,0.297,,1413,0.183,0.757
526,0.029,0.21,,622,5.958,46.311,,819,0.049,0.213,,888,0,0,,1016,2.515,24.977,,1238,0.032,0.139,,1487,0.158,0.699,,1809,0.018,0.138,,1309,0.099,0.386,,1414,0.212,0.955
527,0.033,0.241,,624,6.81,59.082,,820,0.063,0.269,,889,0,0,,1018,2.86,30.35,,1239,0.035,0.172,,1488,0.177,0.867,,1810,0.023,0.158,,1310,0.127,0.499,,1415,0.257,1.189
528,0.041,0.278,,626,7.799,73.683,,821,0.079,0.34,,890,0,0,,1020,3.257,36.458,,1240,0.042,0.211,,1489,0.207,1.059,,1811,0.025,0.182,,1311,0.162,0.644,,1416,0.314,1.475
529,0.05,0.323,,628,8.707,90.192,,822,0.098,0.429,,891,0,0,,1022,3.709,43.417,,1241,0.058,0.261,,1490,0.236,1.281,,1812,0.027,0.208,,1312,0.182,0.815,,1417,0.382,1.823
530,0.058,0.376,,630,9.646,108.543,,823,0.114,0.535,,892,0,0,,1024,4.198,51.322,,1242,0.075,0.327,,1491,0.261,1.529,,1813,0.032,0.237,,1313,0.208,1.01,,1418,0.452,2.239
531,0.073,0.441,,632,10.714,128.876,,824,0.14,0.662,,893,0,0,,1026,4.63,60.153,,1243,0.086,0.408,,1492,0.298,1.809,,1814,0.032,0.269,,1314,0.238,1.233,,1419,0.532,2.731
532,0.095,0.525,,634,11.848,151.402,,825,0.173,0.818,,894,0,0,,1028,5.139,69.926,,1244,0.111,0.506,,1493,0.325,2.12,,1815,0.033,0.301,,1315,0.279,1.491,,1420,0.617,3.305
533,0.122,0.634,,636,13.043,176.27,,826,0.223,1.016,,895,0,0,,1030,5.603,80.653,,1245,0.128,0.626,,1494,0.368,2.466,,1816,0.041,0.338,,1316,0.319,1.79,,1421,0.736,3.982
534,0.162,0.776,,638,14.349,203.678,,827,0.275,1.265,,896,0.009,0.005,,1032,6.089,92.342,,1246,0.155,0.767,,1495,0.41,2.856,,1817,0.046,0.381,,1317,0.356,2.128,,1422,0.811,4.755
535,0.208,0.961,,640,15.549,233.592,,828,0.341,1.573,,897,0.075,0.047,,1034,6.633,105.064,,1247,0.175,0.932,,1496,0.469,3.295,,1818,0.06,0.434,,1318,0.392,2.502,,1423,0.905,5.613
536,0.275,1.202,,642,16.898,266.031,,829,0.408,1.947,,898,0.145,0.157,,1036,7.21,118.898,,1248,0.193,1.115,,1497,0.528,3.794,,1819,0.069,0.499,,1319,0.447,2.922,,1424,0.995,6.562
537,0.347,1.513,,644,18.208,301.109,,830,0.476,2.389,,899,0.22,0.34,,1038,7.836,133.944,,1249,0.221,1.322,,1498,0.586,4.351,,1820,0.079,0.573,,1320,0.511,3.401,,1425,1.103,7.611
538,0.471,1.922,,646,19.564,338.888,,831,0.546,2.9,,900,0.298,0.599,,1040,8.465,150.242,,1250,0.256,1.561,,1499,0.644,4.966,,1821,0.092,0.659,,1321,0.563,3.938,,1426,1.21,8.768
539,0.605,2.46,,648,21.045,379.485,,832,0.659,3.503,,901,0.38,0.938,,1042,9.108,167.819,,1251,0.301,1.839,,1500,0.716,5.646,,1822,0.108,0.759,,1322,0.63,4.535,,1427,1.307,10.026
540,0.779,3.152,,650,22.46,423.008,,833,0.768,4.216,,902,0.467,1.361,,1044,9.707,186.615,,1252,0.347,2.163,,1501,0.796,6.402,,1823,0.126,0.876,,1323,0.689,5.194,,1428,1.405,11.382
541,0.956,4.019,,652,23.917,469.391,,834,0.873,5.036,,903,0.557,1.873,,1046,10.264,206.604,,1253,0.395,2.534,,1502,0.874,7.236,,1824,0.149,1.013,,1324,0.764,5.921,,1429,1.515,12.842
542,1.158,5.076,,654,25.34,518.659,,835,0.988,5.967,,904,0.651,2.477,,1048,10.893,227.77,,1254,0.434,2.948,,1503,0.941,8.144,,1825,0.168,1.171,,1325,0.829,6.717,,1430,1.602,14.4
543,1.374,6.343,,656,26.844,570.878,,836,1.126,7.024,,905,0.749,3.178,,1050,11.419,250.073,,1255,0.482,3.406,,1504,1.011,9.119,,1826,0.193,1.352,,1326,0.905,7.584,,1431,1.729,16.065
544,1.585,7.822,,658,28.374,626.104,,837,1.259,8.217,,906,0.851,3.978,,1052,11.969,273.455,,1256,0.527,3.91,,1505,1.079,10.164,,1827,0.232,1.564,,1327,0.976,8.525,,1432,1.845,17.852
545,1.814,9.522,,660,29.902,684.362,,838,1.427,9.559,,907,0.957,4.882,,1054,12.509,297.922,,1257,0.587,4.467,,1506,1.16,11.284,,1828,0.257,1.809,,1328,1.04,9.533,,1433,1.956,19.753
546,2.078,11.468,,662,31.487,745.717,,839,1.57,11.057,,908,1.067,5.894,,1056,13.029,323.464,,1258,0.634,5.077,,1507,1.256,12.492,,1829,0.296,2.086,,1329,1.107,10.607,,1434,2.079,21.77
547,2.322,13.668,,664,33.05,810.267,,840,1.719,12.702,,909,1.18,7.018,,1058,13.547,350.046,,1259,0.685,5.736,,1508,1.343,13.791,,1830,0.332,2.4,,1330,1.183,11.751,,1435,2.208,23.913
548,2.568,16.113,,666,34.76,878.078,,841,1.882,14.502,,910,1.297,8.256,,1060,14.047,377.653,,1260,0.76,6.458,,1509,1.438,15.181,,1831,0.383,2.757,,1331,1.274,12.98,,1436,2.346,26.19
549,2.84,18.817,,668,36.51,949.37,,842,2.06,16.473,,911,1.418,9.614,,1062,14.576,406.282,,1261,0.827,7.252,,1510,1.512,16.656,,1832,0.427,3.162,,1332,1.373,14.304,,1437,2.476,28.602
550,3.135,21.804,,670,38.21,1024.075,,843,2.226,18.616,,912,1.542,11.094,,1064,15.104,435.979,,1262,0.902,8.116,,1511,1.59,18.208,,1833,0.469,3.609,,1333,1.47,15.725,,1438,2.606,31.142
551,3.391,25.067,,672,40.07,1102.361,,844,2.408,20.933,,913,1.67,12.7,,1066,15.626,466.715,,1263,0.979,9.057,,1512,1.693,19.849,,1834,0.522,4.105,,1334,1.557,17.239,,1439,2.737,33.814
552,3.652,28.589,,674,41.946,1184.4,,845,2.584,23.428,,914,1.802,14.437,,1068,16.197,498.555,,1264,1.055,10.074,,1513,1.786,21.588,,1835,0.582,4.657,,1335,1.64,18.837,,1440,2.868,36.616
553,3.937,32.383,,676,43.912,1270.23,,846,2.78,26.11,,915,1.937,16.306,,1070,16.739,531.487,,1265,1.144,11.173,,1514,1.886,23.424,,1836,0.633,5.265,,1336,1.733,20.524,,1441,2.989,39.545
554,4.229,36.466,,678,45.943,1360.087,,847,2.991,28.996,,916,2.076,18.313,,1072,17.285,565.519,,1266,1.232,12.361,,1515,1.981,25.358,,1837,0.684,5.923,,1337,1.863,22.322,,1442,3.112,42.595
555,4.537,40.849,,680,48.017,1454.012,,848,3.229,32.106,,917,2.218,20.46,,1074,17.876,600.674,,1267,1.328,13.641,,1516,2.099,27.398,,1838,0.735,6.633,,1338,1.982,24.244,,1443,3.222,45.762
556,4.802,45.518,,682,50.096,1552.156,,849,3.452,35.447,,918,2.364,22.75,,1076,18.524,637.099,,1268,1.441,15.026,,1517,2.227,29.561,,1839,0.783,7.392,,1339,2.095,26.283,,1444,3.367,49.057
557,5.101,50.47,,684,52.246,1654.502,,850,3.68,39.013,,919,2.513,25.189,,1078,19.153,674.758,,1269,1.539,16.516,,1518,2.358,31.853,,1840,0.827,8.197,,1340,2.198,28.429,,1445,3.54,52.51
558,5.407,55.724,,686,54.433,1761.162,,851,3.942,42.824,,920,2.665,27.778,,1080,19.838,713.718,,1270,1.635,18.103,,1519,2.474,34.269,,1841,0.862,9.041,,1341,2.307,30.681,,1446,3.704,56.132
559,5.696,61.276,,688,56.678,1872.278,,852,4.198,46.894,,921,2.821,30.521,,1082,20.527,754.077,,1271,1.729,19.785,,1520,2.606,36.809,,1842,0.904,9.924,,1342,2.419,33.044,,1447,3.888,59.927
560,6.029,67.139,,690,58.952,1987.93,,853,4.479,51.232,,922,2.98,33.421,,1084,21.28,795.859,,1272,1.841,21.57,,1521,2.735,39.48,,1843,0.945,10.849,,1343,2.52,35.514,,1448,4.028,63.885
561,6.35,73.328,,692,61.323,2108.16,,854,4.778,55.861,,923,3.143,36.483,,1086,22.066,839.184,,1273,1.958,23.47,,1522,2.885,42.29,,1844,0.984,11.813,,1344,2.658,38.103,,1449,4.182,67.99
562,6.671,79.838,,694,63.746,2233.221,,855,5.064,60.782,,924,3.308,39.708,,1088,22.922,884.186,,1274,2.093,25.496,,1523,3.025,45.244,,1845,1.031,12.82,,1345,2.804,40.834,,1450,4.334,72.248
563,7.015,86.681,,696,66.165,2363.123,,856,5.321,65.975,,925,3.477,43.101,,1090,23.782,930.871,,1275,2.219,27.653,,1524,3.156,48.335,,1846,1.078,13.874,,1346,2.931,43.702,,1451,4.473,76.652
564,7.347,93.861,,698,68.741,2498.023,,857,5.621,71.446,,926,3.649,46.664,,1092,24.685,979.323,,1276,2.361,29.943,,1525,3.293,51.56,,1847,1.118,14.972,,1347,3.086,46.71,,1452,4.618,81.198
565,7.682,101.376,,700,71.176,2637.982,,858,5.933,77.223,,927,3.825,50.401,,1094,25.659,1029.66,,1277,2.534,32.39,,1526,3.416,54.914,,1848,1.175,16.119,,1348,3.262,49.884,,1453,4.763,85.888
566,8.008,109.221,,702,73.714,2782.879,,859,6.266,83.322,,928,4.003,54.314,,1096,26.585,1081.913,,1278,2.707,35.011,,1527,3.556,58.4,,1849,1.245,17.329,,1349,3.443,53.237,,1454,4.903,90.721
567,8.356,117.403,,704,76.174,2932.818,,860,6.598,89.754,,929,4.184,58.408,,1098,27.527,1136.04,,1279,2.891,37.81,,1528,3.695,62.025,,1850,1.297,18.6,,1350,3.621,56.769,,1455,5.062,95.703
568,8.708,125.935,,706,78.784,3087.756,,861,6.948,96.527,,930,4.369,62.685,,1100,28.447,1191.973,,1280,3.092,40.802,,1529,3.824,65.784,,1851,1.36,19.928,,1351,3.805,60.482,,1456,5.221,100.845
569,9.047,134.813,,708,81.427,3247.937,,862,7.298,103.65,,931,4.557,67.148,,1102,29.453,1249.859,,1281,3.31,44.003,,1530,3.974,69.683,,1852,1.428,21.322,,1352,4.01,64.39,,1457,5.397,106.154
570,9.419,144.045,,710,84.044,3413.426,,863,7.682,111.14,,932,4.747,71.8,,1104,30.418,1309.73,,1282,3.538,47.427,,1531,4.084,73.713,,1853,1.514,22.793,,1353,4.199,68.494,,1458,5.538,111.621
571,9.831,153.67,,712,86.64,3584.124,,864,8.043,119.003,,933,4.941,76.644,,1106,31.41,1371.551,,1283,3.767,51.079,,1532,4.204,77.857,,1854,1.582,24.341,,1354,4.428,72.807,,1459,5.685,117.233
572,10.223,163.697,,714,89.306,3760.06,,865,8.384,127.216,,934,5.137,81.683,,1108,32.389,1435.343,,1284,4.003,54.964,,1533,4.358,82.138,,1855,1.653,25.959,,1355,4.639,77.341,,1460,5.86,123.005
573,10.607,174.112,,716,91.975,3941.33,,866,8.741,135.779,,935,5.337,86.92,,1110,33.413,1501.113,,1285,4.245,59.088,,1534,4.52,86.576,,1856,1.727,27.649,,1356,4.829,82.074,,1461,6.021,128.946
574,11.052,184.942,,718,94.693,4127.996,,867,9.113,144.705,,936,5.539,92.359,,1112,34.466,1568.98,,1286,4.499,63.46,,1535,4.663,91.168,,1857,1.798,29.412,,1357,5.038,87.008,,1462,6.148,135.03
575,11.473,196.205,,720,97.404,4320.098,,868,9.462,153.992,,937,5.745,98.001,,1114,35.526,1638.982,,1287,4.759,68.09,,1536,4.822,95.91,,1858,1.869,31.246,,1358,5.258,92.156,,1463,6.314,141.261
576,11.874,207.878,,722,100.209,4517.697,,869,9.864,163.655,,938,5.953,103.849,,1116,36.621,1711.111,,1288,5.025,72.982,,1537,4.982,100.812,,1859,1.931,33.146,,1359,5.483,97.526,,1464,6.46,147.648
577,12.325,219.977,,724,103.037,4720.921,,870,10.265,173.719,,939,6.164,109.907,,1118,37.72,1785.438,,1289,5.298,78.143,,1538,5.144,105.875,,1860,2.001,35.111,,1360,5.68,103.107,,1465,6.611,154.183
578,12.692,232.485,,726,105.906,4929.841,,871,10.676,184.19,,940,6.377,116.178,,1120,38.878,1862.033,,1290,5.575,83.579,,1539,5.295,111.094,,1861,2.068,37.146,,1361,5.891,108.892,,1466,6.744,160.86
579,13.09,245.376,,728,108.878,5144.635,,872,11.093,195.074,,941,6.594,122.663,,1122,40.005,1940.903,,1291,5.876,89.305,,1540,5.468,116.475,,1862,2.135,39.247,,1362,6.116,114.895,,1467,6.888,167.676
580,13.48,258.661,,730,111.955,5365.468,,873,11.509,206.375,,942,6.813,129.366,,1124,41.129,2022.022,,1292,6.177,95.331,,1541,5.622,122.02,,1863,2.214,41.422,,1363,6.327,121.117,,1468,7.014,174.627
581,13.893,272.348,,732,115.018,5592.488,,874,11.939,218.098,,943,7.034,136.29,,1126,42.313,2105.461,,1293,6.504,101.672,,1542,5.81,127.736,,1864,2.296,43.677,,1364,6.548,127.554,,1469,7.152,181.71
582,14.32,286.454,,734,118.171,5825.634,,875,12.395,230.265,,944,7.259,143.436,,1128,43.475,2191.251,,1294,6.827,108.338,,1543,5.997,133.64,,1865,2.374,46.012,,1365,6.781,134.218,,1470,7.266,188.919
583,14.674,300.951,,736,121.436,6065.211,,876,12.871,242.898,,945,7.486,150.809,,1130,44.645,2279.337,,1295,7.139,115.321,,1544,6.188,139.732,,1866,2.455,48.426,,1366,6.988,141.102,,1471,7.376,196.24
584,15.087,315.831,,738,124.811,6311.418,,877,13.289,255.978,,946,7.716,158.41,,1132,45.878,2369.855,,1296,7.448,122.614,,1545,6.404,146.028,,1867,2.546,50.927,,1367,7.203,148.197,,1472,7.52,203.688
585,15.476,331.113,,740,128.148,6564.376,,878,13.726,269.486,,947,7.948,166.242,,1134,47.126,2462.89,,1297,7.744,130.209,,1546,6.602,152.531,,1868,2.645,53.523,,1368,7.42,155.508,,1473,7.635,211.265
586,15.858,346.78,,742,131.441,6823.985,,879,14.184,283.441,,948,8.183,174.307,,1136,48.431,2558.43,,1298,8.077,138.119,,1547,6.787,159.226,,1869,2.745,56.218,,1369,7.658,163.047,,1474,7.755,218.96
587,16.244,362.831,,744,134.846,7090.291,,880,14.596,297.831,,949,8.42,182.608,,1138,49.814,2656.67,,1299,8.321,146.318,,1548,7.009,166.124,,1870,2.837,59.009,,1370,7.877,170.815,,1475,7.876,226.775
588,16.633,379.269,,746,138.227,7363.391,,881,15.04,312.649,,950,8.66,191.148,,1140,51.224,2757.71,,1300,8.606,154.781,,1549,7.25,173.253,,1871,2.937,61.895,,1371,8.09,178.798,,1476,8.006,234.716
589,17.017,396.095,,748,141.799,7643.444,,882,15.463,327.9,,951,8.902,199.929,,1142,52.663,2861.596,,1301,8.925,163.547,,1550,7.485,180.621,,1872,3.04,64.884,,1372,8.319,187.002,,1477,8.12,242.779
590,17.401,413.303,,750,145.432,7930.655,,883,15.894,343.579,,952,9.147,208.953,,1144,54.175,2968.448,,1302,9.284,172.652,,1551,7.702,188.214,,1873,3.121,67.964,,1373,8.533,195.428,,1478,8.228,250.952
591,17.761,430.884,,752,149.025,8225.101,,884,16.34,359.695,,953,9.394,218.223,,1146,55.537,3078.19,,1303,9.63,182.109,,1552,7.935,196.033,,1874,3.219,71.135,,1374,8.764,204.077,,1479,8.35,259.241
592,18.136,448.832,,754,152.689,8526.796,,885,16.799,376.265,,954,9.643,227.742,,1148,56.954,3190.645,,1304,9.925,191.886,,1553,8.15,204.076,,1875,3.31,74.399,,1375,9,212.959,,1480,8.463,267.648
593,18.512,467.156,,756,156.452,8835.98,,886,17.24,393.285,,955,9.895,237.511,,1150,58.395,3305.993,,1305,10.259,201.979,,1554,8.359,212.331,,1876,3.398,77.753,,1376,9.224,222.071,,1481,8.576,276.167
594,18.892,485.858,,758,160.278,9152.709,,887,17.674,410.742,,956,10.149,247.533,,1152,59.907,3424.276,,1306,10.57,212.393,,1555,8.583,220.802,,1877,3.484,81.194,,1377,9.439,231.403,,1482,8.717,284.814
595,19.219,504.914,,760,164.274,9477.275,,888,18.125,428.642,,957,10.406,257.811,,1154,61.61,3545.755,,1307,10.843,223.099,,1556,8.772,229.48,,1878,3.596,84.734,,1378,9.663,240.954,,1483,8.826,293.585
596,19.561,524.303,,762,168.39,9809.919,,889,18.521,446.965,,958,10.664,268.345,,1156,63.681,3671.043,,1308,11.139,234.091,,1557,9.005,238.368,,1879,3.7,88.382,,1379,9.878,250.725,,1484,8.941,302.468
597,19.92,544.043,,764,172.622,10150.908,,890,18.908,465.679,,959,10.925,279.14,,1158,66.4,3801.119,,1309,11.416,245.368,,1558,9.224,247.482,,1880,3.828,92.146,,1380,10.118,260.723,,1485,9.041,311.459
598,20.273,564.14,,766,177.065,10500.529,,891,19.364,484.815,,960,11.188,290.197,,1160,69.101,3936.651,,1310,11.679,256.915,,1559,9.453,256.821,,1881,3.932,96.026,,1381,10.361,270.962,,1486,9.151,320.556
599,20.621,584.587,,768,181.693,10859.274,,892,19.805,504.4,,961,11.454,301.518,,1162,71.707,4077.428,,1311,11.945,268.727,,1560,9.671,266.383,,1882,4.046,100.015,,1382,10.607,281.446,,1487,9.253,329.758
600,20.96,605.377,,770,186.33,11227.282,,893,20.232,524.418,,962,11.721,313.106,,1164,74.254,4223.382,,1312,12.187,280.793,,1561,9.906,276.172,,1883,4.143,104.109,,1383,10.847,292.173,,1488,9.355,339.062
601,21.315,626.515,,772,191.21,11604.893,,894,20.663,544.866,,963,11.991,324.962,,1166,76.874,4374.505,,1313,12.45,293.112,,1562,10.15,286.2,,1884,4.257,108.309,,1384,11.087,303.14,,1489,9.458,348.468
602,21.683,648.014,,774,196.15,11992.253,,895,21.076,565.736,,964,12.263,337.089,,1168,79.628,4530.974,,1314,12.704,305.689,,1563,10.368,296.459,,1885,4.36,112.617,,1385,11.311,314.339,,1490,9.564,357.979
603,22.041,669.875,,776,201.375,12389.81,,896,21.508,587.028,,965,12.537,349.489,,1170,82.652,4693.193,,1315,12.939,318.511,,1564,10.602,306.944,,1886,4.459,117.026,,1386,11.534,325.762,,1491,9.682,367.602
604,22.409,692.1,,778,206.505,12797.604,,897,21.897,608.73,,966,12.813,362.163,,1172,85.861,4861.688,,1316,13.136,331.548,,1565,10.845,317.668,,1887,4.561,121.536,,1387,11.751,337.404,,1492,9.779,377.333
605,22.773,714.691,,780,211.738,13215.848,,898,22.293,630.825,,967,13.091,375.115,,1174,88.865,5036.466,,1317,13.343,344.788,,1566,11.082,328.631,,1888,4.663,126.148,,1388,12.016,349.288,,1493,9.896,387.17
606,23.135,737.645,,782,216.916,13644.532,,899,22.709,653.326,,968,13.371,388.346,,1176,91.727,5217.06,,1318,13.537,358.228,,1567,11.332,339.838,,1889,4.771,130.865,,1389,12.303,361.447,,1494,9.997,397.116
607,23.471,760.948,,784,222.304,14083.769,,900,23.131,676.246,,969,13.653,401.858,,1178,94.463,5403.274,,1319,13.731,371.862,,1568,11.571,351.289,,1890,4.871,135.686,,1390,12.581,373.889,,1495,10.117,407.173
608,23.795,784.581,,786,227.954,14534.01,,901,23.537,699.58,,970,13.937,415.653,,1180,97.092,5594.874,,1320,13.907,385.681,,1569,11.848,362.999,,1891,4.963,140.603,,1391,12.849,386.604,,1496,10.219,417.341
609,24.11,808.533,,788,233.51,14995.413,,902,23.917,723.307,,971,14.223,429.732,,1182,99.666,5791.604,,1321,14.087,399.677,,1570,12.127,374.986,,1892,5.054,145.611,,1392,13.096,399.577,,1497,10.333,427.617
610,24.443,832.81,,790,239.477,15468.376,,903,24.328,747.429,,972,14.511,444.099,,1184,102.264,5993.573,,1322,14.254,413.848,,1571,12.399,387.249,,1893,5.146,150.71,,1393,13.376,412.813,,,,
611,24.776,857.42,,792,245.307,15953.092,,904,24.764,771.975,,973,14.8,458.755,,1186,104.783,6200.611,,1323,14.441,428.196,,1572,12.661,399.779,,1894,5.236,155.902,,1394,13.684,426.343,,,,
612,25.129,882.372,,794,251.312,16449.708,,905,25.191,796.953,,974,15.092,473.701,,1188,107.312,6412.729,,1324,14.598,442.715,,1573,12.915,412.567,,1895,5.341,161.19,,1395,13.973,440.171,,,,
613,25.475,907.674,,796,257.315,16958.292,,906,25.576,822.336,,975,15.386,488.94,,1190,110.11,6630.138,,1325,14.755,457.392,,1574,13.191,425.62,,1896,5.423,166.572,,1396,14.265,454.29,,,,
614,25.827,933.326,,798,263.398,17478.947,,907,25.957,848.103,,976,15.681,504.473,,1192,112.765,6853.011,,1326,14.899,472.218,,1575,13.455,438.944,,1897,5.488,172.027,,1397,14.542,468.694,,,,
615,26.149,959.314,,800,269.548,18011.947,,908,26.395,874.279,,977,15.978,520.303,,1194,115.642,7081.405,,1327,15.054,487.195,,1576,13.726,452.534,,1898,5.564,177.553,,1398,14.803,483.367,,,,
616,26.496,985.636,,802,275.861,18557.338,,909,26.84,900.896,,978,16.277,536.431,,1196,118.472,7315.517,,1328,15.193,502.318,,1577,13.985,466.389,,1899,5.651,183.16,,1399,15.066,498.301,,,,
617,26.846,1012.307,,804,282.179,19115.399,,910,27.258,927.946,,979,16.578,552.858,,1198,121.321,7555.259,,1329,15.326,517.578,,1578,14.266,480.515,,1900,5.725,188.848,,1400,15.334,513.501,,,,
618,27.183,1039.321,,806,288.429,19686.007,,911,27.653,955.401,,980,16.88,569.587,,1200,124.113,7800.684,,1330,15.483,532.982,,1579,14.565,494.93,,1901,5.813,194.617,,1401,15.585,528.961,,,,
619,27.538,1066.682,,808,294.638,20269.015,,912,28.062,983.259,,981,17.185,586.62,,1202,126.832,8051.648,,1331,15.633,548.54,,1580,14.846,509.635,,1902,5.908,200.478,,1402,15.849,544.678,,,,
620,27.893,1094.397,,810,300.948,20864.556,,913,28.439,1011.51,,982,17.491,603.957,,1204,129.687,8308.162,,1332,15.767,564.24,,1581,15.122,524.619,,1903,5.981,206.422,,1403,16.111,560.658,,,,
621,28.234,1122.461,,812,307.235,21472.784,,914,28.823,1040.14,,983,17.798,621.602,,1206,132.581,8570.441,,1333,15.878,580.063,,1582,15.415,539.888,,1904,6.068,212.446,,1404,16.342,576.885,,,,
622,28.586,1150.871,,814,313.629,22093.727,,915,29.217,1069.16,,984,18.107,639.555,,1208,135.498,8838.494,,1334,15.997,596,,1583,15.699,555.444,,1905,6.143,218.552,,1405,16.591,593.351,,,,
,,,,816,319.65,22727.033,,916,29.596,1098.566,,985,18.418,657.817,,1210,138.405,9112.365,,1335,16.116,612.056,,1584,15.955,571.271,,1906,6.234,224.74,,1406,16.823,610.058,,,,
,,,,818,325.773,23372.466,,917,29.972,1128.35,,986,18.731,676.392,,1212,141.329,9392.079,,1336,16.241,628.235,,1585,16.25,587.374,,1907,6.306,231.011,,1407,17.042,626.99,,,,
,,,,820,331.738,24029.947,,918,30.296,1158.484,,987,19.045,695.28,,1214,144.403,9677.847,,1337,16.362,644.537,,1586,16.534,603.765,,1908,6.375,237.351,,1408,17.282,644.152,,,,
,,,,822,337.662,24699.368,,919,30.637,1188.95,,988,19.361,714.483,,1216,147.502,9969.735,,1338,16.457,660.946,,1587,16.817,620.441,,1909,6.46,243.769,,1409,17.491,661.538,,,,
,,,,824,343.5,25380.543,,,,,,989,19.678,734.002,,1218,150.574,10267.793,,1339,16.555,677.452,,1588,17.083,637.391,,1910,6.53,250.264,,1410,17.733,679.149,,,,
,,,,826,349.176,26073.178,,,,,,990,19.997,753.839,,1220,153.501,10571.851,,,,,,1589,17.389,654.627,,1911,6.613,256.836,,1411,17.955,696.993,,,,
,,,,828,354.749,26777.19,,,,,,991,20.317,773.996,,1222,156.574,10881.964,,,,,,1590,17.644,672.143,,1912,6.688,263.486,,1412,18.19,715.066,,,,
,,,,830,360.28,27492.227,,,,,,992,20.639,794.474,,1224,159.671,11198.237,,,,,,1591,17.928,689.929,,1913,6.764,270.212,,1413,18.413,733.367,,,,
,,,,832,365.693,28218.161,,,,,,993,20.962,815.275,,1226,162.68,11520.585,,,,,,1592,18.22,708.003,,1914,6.851,277.02,,1414,18.616,751.882,,,,
,,,,834,371.163,28935.932,,,,,,994,21.287,836.399,,1228,165.77,11849.023,,,,,,1593,18.5,726.363,,1915,6.917,283.904,,1415,18.813,770.596,,,,
,,,,836,376.626,29656.424,,,,,,995,21.613,857.85,,1230,168.858,12183.625,,,,,,1594,18.797,745.011,,1916,6.995,290.859,,1416,19.031,789.517,,,,
,,,,838,382.088,30376.916,,,,,,996,21.941,879.627,,1232,172.045,12524.554,,,,,,1595,19.083,763.95,,1917,7.068,297.891,,1417,19.26,808.663,,,,
,,,,840,387.551,31097.407,,,,,,997,22.27,901.732,,1234,175.163,12871.796,,,,,,1596,19.391,783.187,,1918,7.146,304.997,,1418,19.444,828.014,,,,
,,,,842,393.013,31817.899,,,,,,998,22.601,924.167,,1236,178.177,13225.155,,,,,,1597,19.728,802.747,,1919,7.207,312.174,,1419,19.627,847.55,,,,
,,,,844,398.476,32538.391,,,,,,999,22.932,946.934,,1238,181.12,13584.467,,,,,,1598,20.074,822.648,,1920,7.286,319.42,,1420,19.809,867.268,,,,
,,,,846,403.938,33258.882,,,,,,1000,23.266,970.033,,1240,184.049,13949.632,,,,,,1599,20.429,842.899,,1921,7.353,326.74,,1421,20.007,887.176,,,,
,,,,848,409.401,33979.374,,,,,,1001,23.6,993.466,,1242,186.999,14320.674,,,,,,1600,20.769,863.498,,1922,7.429,334.13,,1422,20.181,907.27,,,,
,,,,850,414.863,34699.866,,,,,,1002,23.936,1017.234,,1244,189.971,14697.575,,,,,,1601,21.137,884.451,,1923,7.505,341.597,,1423,20.365,927.543,,,,
,,,,852,420.326,35420.357,,,,,,1003,24.273,1041.338,,1246,192.942,15080.493,,,,,,1602,21.542,905.791,,1924,7.59,349.145,,1424,20.534,947.993,,,,
,,,,854,425.788,36140.849,,,,,,1004,24.612,1065.781,,1248,195.91,15469.356,,,,,,1603,21.912,927.518,,1925,7.671,356.775,,1425,20.725,968.622,,,,
,,,,856,431.25,36861.341,,,,,,1005,24.951,1090.562,,1250,198.821,15864.093,,,,,,1604,22.296,949.622,,1926,7.742,364.481,,1426,20.892,989.431,,,,
,,,,858,436.713,37581.832,,,,,,1006,25.292,1115.684,,1252,201.596,16264.484,,,,,,1605,22.71,972.125,,,,,,1427,21.083,1010.418,,,,
,,,,860,442.175,38302.324,,,,,,1007,25.635,1141.148,,1254,204.498,16670.611,,,,,,1606,23.153,995.056,,,,,,1428,21.268,1031.593,,,,
,,,,862,447.638,39022.816,,,,,,1008,25.978,1166.954,,1256,207.311,17082.389,,,,,,1607,23.576,1018.42,,,,,,,,,,,,
,,,,864,453.1,39743.307,,,,,,1009,26.323,1193.105,,1258,210.003,17499.703,,,,,,1608,23.993,1042.204,,,,,,,,,,,,
,,,,866,458.563,40463.799,,,,,,1010,26.669,1219.601,,1260,212.769,17922.493,,,,,,1609,24.427,1066.414,,,,,,,,,,,,
,,,,868,464.025,41184.291,,,,,,1011,27.016,1246.443,,1262,215.494,18341.169,,,,,,1610,24.816,1091.035,,,,,,,,,,,,
,,,,870,469.488,41904.782,,,,,,1012,27.364,1273.633,,1264,218.227,18761.217,,,,,,1611,25.23,1116.058,,,,,,,,,,,,
,,,,872,474.95,42625.274,,,,,,1013,27.714,1301.172,,1266,220.96,19181.266,,,,,,1612,25.632,1141.489,,,,,,,,,,,,
,,,,874,480.413,43345.766,,,,,,1014,28.064,1329.061,,1268,223.692,19601.314,,,,,,1613,26.043,1167.327,,,,,,,,,,,,
,,,,876,485.875,44066.257,,,,,,1015,28.416,1357.301,,1270,226.425,20021.362,,,,,,1614,26.445,1193.571,,,,,,,,,,,,
,,,,878,491.338,44786.749,,,,,,1016,28.769,1385.894,,1272,229.158,20441.41,,,,,,1615,26.825,1220.205,,,,,,,,,,,,
,,,,880,496.8,45507.241,,,,,,1017,29.123,1414.84,,1274,231.891,20861.458,,,,,,1616,27.159,1247.197,,,,,,,,,,,,
,,,,882,502.262,46227.733,,,,,,1018,29.478,1444.14,,1276,234.624,21281.506,,,,,,1617,27.528,1274.541,,,,,,,,,,,,
,,,,884,507.725,46948.224,,,,,,1019,29.834,1473.796,,1278,237.356,21701.555,,,,,,1618,27.885,1302.247,,,,,,,,,,,,
,,,,886,513.187,47668.716,,,,,,1020,30.191,1503.808,,1280,240.089,22121.603,,,,,,1619,28.229,1330.304,,,,,,,,,,,,
,,,,888,518.65,48389.208,,,,,,,,,,1282,242.822,22541.651,,,,,,1620,28.58,1358.708,,,,,,,,,,,,
,,,,890,524.112,49109.699,,,,,,,,,,1284,245.555,22961.699,,,,,,1621,28.935,1387.465,,,,,,,,,,,,
,,,,892,529.575,49830.191,,,,,,,,,,1286,248.287,23381.747,,,,,,1622,29.278,1416.572,,,,,,,,,,,,
,,,,894,535.037,50550.683,,,,,,,,,,1288,251.02,23801.795,,,,,,1623,29.619,1446.02,,,,,,,,,,,,
,,,,896,540.5,51271.174,,,,,,,,,,1290,253.753,24221.844,,,,,,1624,29.927,1475.793,,,,,,,,,,,,
,,,,898,545.962,51991.666,,,,,,,,,,1292,256.486,24641.892,,,,,,1625,30.227,1505.87,,,,,,,,,,,,
,,,,900,551.425,52712.158,,,,,,,,,,1294,259.218,25061.94,,,,,,1626,30.526,1536.247,,,,,,,,,,,,
,,,,902,556.887,53432.649,,,,,,,,,,1296,261.951,25481.988,,,,,,1627,30.839,1566.93,,,,,,,,,,,,
,,,,,,,,,,,,,,,,1298,264.684,25902.036,,,,,,1628,31.148,1597.924,,,,,,,,,,,,
,,,,,,,,,,,,,,,,1300,267.417,26322.084,,,,,,1629,31.465,1629.23,,,,,,,,,,,,
,,,,,,,,,,,,,,,,1302,270.149,26742.133,,,,,,1630,31.757,1660.841,,,,,,,,,,,,
,,,,,,,,,,,,,,,,1304,272.882,27162.181,,,,,,1631,32.042,1692.74,,,,,,,,,,,,
,,,,,,,,,,,,,,,,1306,275.615,27582.229,,,,,,1632,32.354,1724.938,,,,,,,,,,,,
,,,,,,,,,,,,,,,,1308,278.348,28002.277,,,,,,1633,32.665,1757.447,,,,,,,,,,,,
,,,,,,,,,,,,,,,,1310,281.08,28422.325,,,,,,1634,32.974,1790.267,,,,,,,,,,,,
,,,,,,,,,,,,,,,,1312,283.813,28842.373,,,,,,1635,33.269,1823.388,,,,,,,,,,,,
,,,,,,,,,,,,,,,,1314,286.546,29262.421,,,,,,1636,33.577,1856.811,,,,,,,,,,,,
,,,,,,,,,,,,,,,,1316,289.279,29682.47,,,,,,1637,33.859,1890.529,,,,,,,,,,,,
,,,,,,,,,,,,,,,,1318,292.011,30102.518,,,,,,1638,34.136,1924.526,,,,,,,,,,,,
,,,,,,,,,,,,,,,,1320,294.744,30522.566,,,,,,1639,34.417,1958.803,,,,,,,,,,,,
,,,,,,,,,,,,,,,,1322,297.477,30942.614,,,,,,,,,,,,,,,,,,,,
,,,,,,,,,,,,,,,,1324,300.21,31362.662,,,,,,,,,,,,,,,,,,,,
,,,,,,,,,,,,,,,,1326,302.943,31782.71,,,,,,,,,,,,,,,,,,,,
,,,,,,,,,,,,,,,,1328,305.675,32202.759,,,,,,,,,,,,,,,,,,,,
,,,,,,,,,,,,,,,,1330,308.408,32622.807,,,,,,,,,,,,,,,,,,,,
,,,,,,,,,,,,,,,,1332,311.141,33042.855,,,,,,,,,,,,,,,,,,,,
,,,,,,,,,,,,,,,,1334,313.874,33462.903,,,,,,,,,,,,,,,,,,,,
,,,,,,,,,,,,,,,,1336,316.606,33882.951,,,,,,,,,,,,,,,,,,,,
,,,,,,,,,,,,,,,,1338,319.339,34302.999,,,,,,,,,,,,,,,,,,,,
,,,,,,,,,,,,,,,,1340,322.072,34723.048,,,,,,,,,,,,,,,,,,,,
,,,,,,,,,,,,,,,,1342,324.805,35143.096,,,,,,,,,,,,,,,,,,,,
,,,,,,,,,,,,,,,,1344,327.537,35563.144,,,,,,,,,,,,,,,,,,,,
,,,,,,,,,,,,,,,,1346,330.27,35983.192,,,,,,,,,,,,,,,,,,,,
